group,implementation,operation,n,nanoseconds
List,SinglyNoTail,pushFront,10,161.073
List,SinglyNoTail,pushFront,100,142.635
List,SinglyNoTail,pushFront,1000,165.070
List,SinglyNoTail,pushFront,10000,117.458
List,SinglyNoTail,pushFront,100000,104.348
List,SinglyNoTail,pushFront,1000000,113.471
List,SinglyNoTail,pushBack,10,1206.621
List,SinglyNoTail,pushBack,100,975.222
List,SinglyNoTail,pushBack,1000,2063.734
List,SinglyNoTail,pushBack,10000,15842.459
List,SinglyNoTail,pushBack,100000,130833.616
List,SinglyNoTail,pushBack,1000000,1576675.057
List,SinglyNoTail,popFront,10,95.924
List,SinglyNoTail,popFront,100,102.665
List,SinglyNoTail,popFront,1000,78.599
List,SinglyNoTail,popFront,10000,74.553
List,SinglyNoTail,popFront,100000,78.268
List,SinglyNoTail,popFront,1000000,85.069
List,SinglyNoTail,popBack,10,1092.218
List,SinglyNoTail,popBack,100,1039.058
List,SinglyNoTail,popBack,1000,2108.031
List,SinglyNoTail,popBack,10000,13842.390
List,SinglyNoTail,popBack,100000,134351.985
List,SinglyNoTail,popBack,1000000,1750616.845
List,SinglyNoTail,find,10,238.460
List,SinglyNoTail,find,100,434.856
List,SinglyNoTail,find,1000,511.572
List,SinglyNoTail,find,10000,9089.557
List,SinglyNoTail,find,100000,14940.797
List,SinglyNoTail,erase,10,661.000
List,SinglyNoTail,erase,100,1923.000
List,SinglyNoTail,erase,1000,20901.000
List,SinglyNoTail,erase,10000,182425.000
List,SinglyNoTail,erase,100000,957475.000
List,SinglyNoTail,addBefore,10,1533.000
List,SinglyNoTail,addBefore,100,2393.000
List,SinglyNoTail,addBefore,1000,12499.000
List,SinglyNoTail,addBefore,10000,274895.000
List,SinglyNoTail,addBefore,100000,529819.000
List,SinglyNoTail,addAfter,10,831.000
List,SinglyNoTail,addAfter,100,1983.000
List,SinglyNoTail,addAfter,1000,23015.000
List,SinglyNoTail,addAfter,10000,112129.000
List,SinglyNoTail,addAfter,100000,524882.000
List,SinglyWithTail,pushFront,10,171.529
List,SinglyWithTail,pushFront,100,39.299
List,SinglyWithTail,pushFront,1000,26.280
List,SinglyWithTail,pushFront,10000,26.289
List,SinglyWithTail,pushFront,100000,28.784
List,SinglyWithTail,pushFront,1000000,25.418
List,SinglyWithTail,pushBack,10,147.363
List,SinglyWithTail,pushBack,100,126.892
List,SinglyWithTail,pushBack,1000,37.677
List,SinglyWithTail,pushBack,10000,25.929
List,SinglyWithTail,pushBack,100000,28.443
List,SinglyWithTail,pushBack,1000000,38.348
List,SinglyWithTail,popFront,10,124.568
List,SinglyWithTail,popFront,100,59.139
List,SinglyWithTail,popFront,1000,13.881
List,SinglyWithTail,popFront,10000,15.594
List,SinglyWithTail,popFront,100000,15.493
List,SinglyWithTail,popFront,1000000,152.330
List,SinglyWithTail,popBack,10,759.285
List,SinglyWithTail,popBack,100,930.565
List,SinglyWithTail,popBack,1000,4319.749
List,SinglyWithTail,popBack,10000,27429.072
List,SinglyWithTail,popBack,100000,122607.162
List,SinglyWithTail,popBack,1000000,1713534.265
List,SinglyWithTail,find,10,384.840
List,SinglyWithTail,find,100,338.301
List,SinglyWithTail,find,1000,443.339
List,SinglyWithTail,find,10000,9428.580
List,SinglyWithTail,find,100000,18211.797
List,SinglyWithTail,erase,10,801.000
List,SinglyWithTail,erase,100,2043.000
List,SinglyWithTail,erase,1000,22674.000
List,SinglyWithTail,erase,10000,191129.000
List,SinglyWithTail,erase,100000,888671.000
List,SinglyWithTail,addBefore,10,1101.000
List,SinglyWithTail,addBefore,100,2484.000
List,SinglyWithTail,addBefore,1000,9574.000
List,SinglyWithTail,addBefore,10000,308966.000
List,SinglyWithTail,addBefore,100000,393584.000
List,SinglyWithTail,addAfter,10,741.000
List,SinglyWithTail,addAfter,100,1863.000
List,SinglyWithTail,addAfter,1000,21502.000
List,SinglyWithTail,addAfter,10000,87001.000
List,SinglyWithTail,addAfter,100000,725685.000
List,DoublyNoTail,pushFront,10,214.684
List,DoublyNoTail,pushFront,100,24.487
List,DoublyNoTail,pushFront,1000,20.361
List,DoublyNoTail,pushFront,10000,38.458
List,DoublyNoTail,pushFront,100000,32.248
List,DoublyNoTail,pushFront,1000000,23.926
List,DoublyNoTail,pushBack,10,733.477
List,DoublyNoTail,pushBack,100,1056.264
List,DoublyNoTail,pushBack,1000,2409.807
List,DoublyNoTail,pushBack,10000,13877.555
List,DoublyNoTail,pushBack,100000,134062.473
List,DoublyNoTail,pushBack,1000000,1612136.870
List,DoublyNoTail,popFront,10,92.710
List,DoublyNoTail,popFront,100,67.852
List,DoublyNoTail,popFront,1000,25.068
List,DoublyNoTail,popFront,10000,26.050
List,DoublyNoTail,popFront,100000,29.305
List,DoublyNoTail,popFront,1000000,32.389
List,DoublyNoTail,popBack,10,1290.107
List,DoublyNoTail,popBack,100,1409.968
List,DoublyNoTail,popBack,1000,2008.151
List,DoublyNoTail,popBack,10000,12871.837
List,DoublyNoTail,popBack,100000,125368.402
List,DoublyNoTail,popBack,1000000,1596802.387
List,DoublyNoTail,find,10,196.917
List,DoublyNoTail,find,100,382.627
List,DoublyNoTail,find,1000,720.737
List,DoublyNoTail,find,10000,8825.769
List,DoublyNoTail,find,100000,16231.845
List,DoublyNoTail,erase,10,811.000
List,DoublyNoTail,erase,100,1893.000
List,DoublyNoTail,erase,1000,27211.000
List,DoublyNoTail,erase,10000,153372.000
List,DoublyNoTail,erase,100000,722991.000
List,DoublyNoTail,addBefore,10,1302.000
List,DoublyNoTail,addBefore,100,2263.000
List,DoublyNoTail,addBefore,1000,11357.000
List,DoublyNoTail,addBefore,10000,232711.000
List,DoublyNoTail,addBefore,100000,441306.000
List,DoublyNoTail,addAfter,10,16124.000
List,DoublyNoTail,addAfter,100,2253.000
List,DoublyNoTail,addAfter,1000,29735.000
List,DoublyNoTail,addAfter,10000,87092.000
List,DoublyNoTail,addAfter,100000,626455.000
List,DoublyWithTail,pushFront,10,158.329
List,DoublyWithTail,pushFront,100,52.809
List,DoublyWithTail,pushFront,1000,22.534
List,DoublyWithTail,pushFront,10000,20.351
List,DoublyWithTail,pushFront,100000,21.823
List,DoublyWithTail,pushFront,1000000,17.526
List,DoublyWithTail,pushBack,10,126.241
List,DoublyWithTail,pushBack,100,21.482
List,DoublyWithTail,pushBack,1000,34.312
List,DoublyWithTail,pushBack,10000,22.394
List,DoublyWithTail,pushBack,100000,23.605
List,DoublyWithTail,pushBack,1000000,18.007
List,DoublyWithTail,popFront,10,49.895
List,DoublyWithTail,popFront,100,104.428
List,DoublyWithTail,popFront,1000,15.082
List,DoublyWithTail,popFront,10000,15.864
List,DoublyWithTail,popFront,100000,16.695
List,DoublyWithTail,popFront,1000000,19.009
List,DoublyWithTail,popBack,10,44.367
List,DoublyWithTail,popBack,100,31.718
List,DoublyWithTail,popBack,1000,6.240
List,DoublyWithTail,popBack,10000,7.702
List,DoublyWithTail,popBack,100000,7.912
List,DoublyWithTail,popBack,1000000,5.918
List,DoublyWithTail,find,10,125.109
List,DoublyWithTail,find,100,367.455
List,DoublyWithTail,find,1000,537.151
List,DoublyWithTail,find,10000,8241.558
List,DoublyWithTail,find,100000,16706.892
List,DoublyWithTail,erase,10,741.000
List,DoublyWithTail,erase,100,1933.000
List,DoublyWithTail,erase,1000,18247.000
List,DoublyWithTail,erase,10000,159861.000
List,DoublyWithTail,erase,100000,756181.000
List,DoublyWithTail,addBefore,10,1332.000
List,DoublyWithTail,addBefore,100,2083.000
List,DoublyWithTail,addBefore,1000,8353.000
List,DoublyWithTail,addBefore,10000,259893.000
List,DoublyWithTail,addBefore,100000,1467374.000
List,DoublyWithTail,addAfter,10,701.000
List,DoublyWithTail,addAfter,100,1732.000
List,DoublyWithTail,addAfter,1000,22023.000
List,DoublyWithTail,addAfter,10000,87853.000
List,DoublyWithTail,addAfter,100000,585674.000
Stack,DynamicCircularStack,push,10,193.892
Stack,DynamicCircularStack,push,100,128.744
Stack,DynamicCircularStack,push,1000,103.086
Stack,DynamicCircularStack,push,10000,102.304
Stack,DynamicCircularStack,push,100000,85.689
Stack,DynamicCircularStack,push,1000000,92.299
Stack,DynamicCircularStack,pop,10,154.323
Stack,DynamicCircularStack,pop,100,77.306
Stack,DynamicCircularStack,pop,1000,73.762
Stack,DynamicCircularStack,pop,10000,74.953
Stack,DynamicCircularStack,pop,100000,77.597
Stack,DynamicCircularStack,pop,1000000,71.408
Stack,DynamicCircularStack,peek,10,117.517
Stack,DynamicCircularStack,peek,100,95.053
Stack,DynamicCircularStack,peek,1000,72.109
Stack,DynamicCircularStack,peek,10000,69.164
Stack,DynamicCircularStack,peek,100000,72.669
Stack,DynamicCircularStack,peek,1000000,66.941
Stack,DynamicCircularStack,delete,10,1322.000
Stack,DynamicCircularStack,delete,100,5248.000
Stack,DynamicCircularStack,delete,1000,47051.000
Stack,DynamicCircularStack,delete,10000,493605.000
Stack,DynamicCircularStack,delete,100000,740137.000
Stack,DynamicCircularStack,delete,1000000,2967418.000
Queue,DynamicCircularQueue,enqueue,10,199.802
Queue,DynamicCircularQueue,enqueue,100,104.278
Queue,DynamicCircularQueue,enqueue,1000,103.476
Queue,DynamicCircularQueue,enqueue,10000,98.148
Queue,DynamicCircularQueue,enqueue,100000,89.325
Queue,DynamicCircularQueue,enqueue,1000000,90.627
Queue,DynamicCircularQueue,dequeue,10,141.944
Queue,DynamicCircularQueue,dequeue,100,101.503
Queue,DynamicCircularQueue,dequeue,1000,75.864
Queue,DynamicCircularQueue,dequeue,10000,74.593
Queue,DynamicCircularQueue,dequeue,100000,72.830
Queue,DynamicCircularQueue,dequeue,1000000,72.179
Queue,DynamicCircularQueue,front,10,123.466
Queue,DynamicCircularQueue,front,100,90.927
Queue,DynamicCircularQueue,front,1000,92.870
Queue,DynamicCircularQueue,front,10000,91.988
Queue,DynamicCircularQueue,front,100000,67.302
Queue,DynamicCircularQueue,front,1000000,69.626
Queue,DynamicCircularQueue,delete,10,1362.000
Queue,DynamicCircularQueue,delete,100,5258.000
Queue,DynamicCircularQueue,delete,1000,50866.000
Queue,DynamicCircularQueue,delete,10000,505784.000
Queue,DynamicCircularQueue,delete,100000,1056445.000
Queue,DynamicCircularQueue,delete,1000000,2802138.000
